{
  "3E0FE9": [
    {
      "time": "2025-09-14T18:20:13.351Z",
      "hex": "3E0FE9",
      "callsign": "CHX47",
      "reg": "D-HXFL",
      "type": "EC45",
      "gs": 84,
      "alt": 725,
      "vr": 640,
      "hdg": 95.4,
      "lat": 54.091,
      "lon": 13.145,
      "lastSeen": 4
    },
    {
      "time": "2025-09-14T18:20:16.351Z",
      "hex": "3E0FE9",
      "callsign": "CHX47",
      "reg": "D-HXFL",
      "type": "EC45",
      "gs": 89,
      "alt": 725,
      "vr": 320,
      "hdg": 95.1,
      "lat": 54.091,
      "lon": 13.147,
      "lastSeen": 12
    },
    {
      "time": "2025-09-14T18:20:19.351Z",
      "hex": "3E0FE9",
      "callsign": "CHX47",
      "reg": "D-HXFL",
      "type": "EC45",
      "gs": 91,
      "alt": 725,
      "vr": 320,
      "hdg": 95,
      "lat": 54.091,
      "lon": 13.147,
      "lastSeen": 3
    },
    {
      "time": "2025-09-14T18:20:22.354Z",
      "hex": "3E0FE9",
      "callsign": "CHX47",
      "reg": "D-HXFL",
      "type": "EC45",
      "gs": 94,
      "alt": 775,
      "vr": 448,
      "hdg": 94.9,
      "lat": 54.091,
      "lon": 13.152,
      "lastSeen": 1
    },
    {
      "time": "2025-09-14T18:20:25.352Z",
      "hex": "3E0FE9",
      "callsign": "CHX47",
      "reg": "D-HXFL",
      "type": "EC45",
      "gs": 94,
      "alt": 775,
      "vr": 448,
      "hdg": 94.9,
      "lat": 54.091,
      "lon": 13.152,
      "lastSeen": 26
    },
    {
      "time": "2025-09-14T18:20:28.352Z",
      "hex": "3E0FE9",
      "callsign": "CHX47",
      "reg": "D-HXFL",
      "type": "EC45",
      "gs": 98,
      "alt": 800,
      "vr": 320,
      "hdg": 94.1,
      "lat": 54.091,
      "lon": 13.155,
      "lastSeen": 4
    },
    {
      "time": "2025-09-14T18:20:31.353Z",
      "hex": "3E0FE9",
      "callsign": "CHX47",
      "reg": "D-HXFL",
      "type": "EC45",
      "gs": 98,
      "alt": 800,
      "vr": 320,
      "hdg": 94.1,
      "lat": 54.091,
      "lon": 13.157,
      "lastSeen": 13
    },
    {
      "time": "2025-09-14T18:20:34.354Z",
      "hex": "3E0FE9",
      "callsign": "CHX47",
      "reg": "D-HXFL",
      "type": "EC45",
      "gs": 107,
      "alt": 800,
      "vr": 0,
      "hdg": 94.3,
      "lat": 54.091,
      "lon": 13.157,
      "lastSeen": 11
    },
    {
      "time": "2025-09-14T18:20:37.355Z",
      "hex": "3E0FE9",
      "callsign": "CHX47",
      "reg": "D-HXFL",
      "type": "EC45",
      "gs": 107,
      "alt": 800,
      "vr": 0,
      "hdg": 94.3,
      "lat": 54.091,
      "lon": 13.157,
      "lastSeen": 46
    },
    {
      "time": "2025-09-14T18:20:40.356Z",
      "hex": "3E0FE9",
      "callsign": "CHX47",
      "reg": "D-HXFL",
      "type": "EC45",
      "gs": 107,
      "alt": 825,
      "vr": 0,
      "hdg": 94.3,
      "lat": 54.09,
      "lon": 13.167,
      "lastSeen": 8
    },
    {
      "time": "2025-09-14T18:20:43.357Z",
      "hex": "3E0FE9",
      "callsign": "CHX47",
      "reg": "D-HXFL",
      "type": "EC45",
      "gs": 107,
      "alt": 825,
      "vr": 0,
      "hdg": 94.3,
      "lat": 54.09,
      "lon": 13.168,
      "lastSeen": 9
    },
    {
      "time": "2025-09-14T18:20:46.357Z",
      "hex": "3E0FE9",
      "callsign": "CHX47",
      "reg": "D-HXFL",
      "type": "EC45",
      "gs": 118,
      "alt": 825,
      "vr": 0,
      "hdg": 93.9,
      "lat": 54.09,
      "lon": 13.172,
      "lastSeen": 16
    },
    {
      "time": "2025-09-14T18:20:49.358Z",
      "hex": "3E0FE9",
      "callsign": "CHX47",
      "reg": "D-HXFL",
      "type": "EC45",
      "gs": 119,
      "alt": 825,
      "vr": 0,
      "hdg": 93.4,
      "lat": 54.09,
      "lon": 13.173,
      "lastSeen": 1
    },
    {
      "time": "2025-09-14T18:20:52.368Z",
      "hex": "3E0FE9",
      "callsign": "CHX47",
      "reg": "D-HXFL",
      "type": "EC45",
      "gs": 121,
      "alt": 825,
      "vr": 0,
      "hdg": 92.8,
      "lat": 54.09,
      "lon": 13.173,
      "lastSeen": 17
    },
    {
      "time": "2025-09-14T18:20:55.358Z",
      "hex": "3E0FE9",
      "callsign": "CHX47",
      "reg": "D-HXFL",
      "type": "EC45",
      "gs": 121,
      "alt": 825,
      "vr": 0,
      "hdg": 92.8,
      "lat": 54.09,
      "lon": 13.179,
      "lastSeen": 15
    },
    {
      "time": "2025-09-14T18:20:58.359Z",
      "hex": "3E0FE9",
      "callsign": "CHX47",
      "reg": "D-HXFL",
      "type": "EC45",
      "gs": 121,
      "alt": 825,
      "vr": 0,
      "hdg": 92.8,
      "lat": 54.09,
      "lon": 13.179,
      "lastSeen": 50
    },
    {
      "time": "2025-09-14T18:21:04.362Z",
      "hex": "3E0FE9",
      "callsign": "CHX47",
      "reg": "D-HXFL",
      "type": "EC45",
      "gs": 121,
      "alt": 825,
      "vr": 0,
      "hdg": 92.8,
      "lat": 54.09,
      "lon": 13.179,
      "lastSeen": 8
    },
    {
      "time": "2025-09-14T18:21:07.362Z",
      "hex": "3E0FE9",
      "callsign": "CHX47",
      "reg": "D-HXFL",
      "type": "EC45",
      "gs": 121,
      "alt": 825,
      "vr": 0,
      "hdg": 92.8,
      "lat": 54.09,
      "lon": 13.179,
      "lastSeen": 43
    },
    {
      "time": "2025-09-14T18:21:10.366Z",
      "hex": "3E0FE9",
      "callsign": "CHX47",
      "reg": "D-HXFL",
      "type": "EC45",
      "gs": 121,
      "alt": 825,
      "vr": 0,
      "hdg": 92.8,
      "lat": 54.089,
      "lon": 13.193,
      "lastSeen": 21
    },
    {
      "time": "2025-09-14T18:21:13.366Z",
      "hex": "3E0FE9",
      "callsign": "CHX47",
      "reg": "D-HXFL",
      "type": "EC45",
      "gs": 121,
      "alt": 825,
      "vr": 0,
      "hdg": 92.8,
      "lat": 54.089,
      "lon": 13.196,
      "lastSeen": 20
    },
    {
      "time": "2025-09-14T18:21:16.366Z",
      "hex": "3E0FE9",
      "callsign": "CHX47",
      "reg": "D-HXFL",
      "type": "EC45",
      "gs": 126,
      "alt": 825,
      "vr": 64,
      "hdg": 90.9,
      "lat": 54.089,
      "lon": 13.196,
      "lastSeen": 9
    },
    {
      "time": "2025-09-14T18:21:19.367Z",
      "hex": "3E0FE9",
      "callsign": "CHX47",
      "reg": "D-HXFL",
      "type": "EC45",
      "gs": 126,
      "alt": 825,
      "vr": 64,
      "hdg": 90.9,
      "lat": 54.089,
      "lon": 13.196,
      "lastSeen": 29
    },
    {
      "time": "2025-09-14T18:21:22.370Z",
      "hex": "3E0FE9",
      "callsign": "CHX47",
      "reg": "D-HXFL",
      "type": "EC45",
      "gs": 127,
      "alt": 825,
      "vr": 0,
      "hdg": 90.9,
      "lat": 54.089,
      "lon": 13.207,
      "lastSeen": 2
    },
    {
      "time": "2025-09-14T18:21:25.369Z",
      "hex": "3E0FE9",
      "callsign": "CHX47",
      "reg": "D-HXFL",
      "type": "EC45",
      "gs": 127,
      "alt": 825,
      "vr": 0,
      "hdg": 90.9,
      "lat": 54.089,
      "lon": 13.207,
      "lastSeen": 22
    },
    {
      "time": "2025-09-14T18:21:28.374Z",
      "hex": "3E0FE9",
      "callsign": "CHX47",
      "reg": "D-HXFL",
      "type": "EC45",
      "gs": 127,
      "alt": 825,
      "vr": -64,
      "hdg": 90.9,
      "lat": 54.089,
      "lon": 13.213,
      "lastSeen": 3
    },
    {
      "time": "2025-09-14T18:21:31.371Z",
      "hex": "3E0FE9",
      "callsign": "CHX47",
      "reg": "D-HXFL",
      "type": "EC45",
      "gs": 127,
      "alt": 825,
      "vr": -64,
      "hdg": 91.4,
      "lat": 54.089,
      "lon": 13.213,
      "lastSeen": 8
    },
    {
      "time": "2025-09-14T18:21:34.377Z",
      "hex": "3E0FE9",
      "callsign": "CHX47",
      "reg": "D-HXFL",
      "type": "EC45",
      "gs": 127,
      "alt": 825,
      "vr": 64,
      "hdg": 91.4,
      "lat": 54.089,
      "lon": 13.213,
      "lastSeen": 26
    },
    {
      "time": "2025-09-14T18:21:40.370Z",
      "hex": "3E0FE9",
      "callsign": "CHX47",
      "reg": "D-HXFL",
      "type": "EC45",
      "gs": 127,
      "alt": 825,
      "vr": 0,
      "hdg": 91.8,
      "lat": 54.089,
      "lon": 13.225,
      "lastSeen": 8
    },
    {
      "time": "2025-09-14T18:21:43.371Z",
      "hex": "3E0FE9",
      "callsign": "CHX47",
      "reg": "D-HXFL",
      "type": "EC45",
      "gs": 128,
      "alt": 825,
      "vr": -64,
      "hdg": 92.2,
      "lat": 54.089,
      "lon": 13.229,
      "lastSeen": 0
    },
    {
      "time": "2025-09-14T18:21:46.371Z",
      "hex": "3E0FE9",
      "callsign": "CHX47",
      "reg": "D-HXFL",
      "type": "EC45",
      "gs": 128,
      "alt": 825,
      "vr": -64,
      "hdg": 92.2,
      "lat": 54.089,
      "lon": 13.229,
      "lastSeen": 12
    },
    {
      "time": "2025-09-14T18:21:49.370Z",
      "hex": "3E0FE9",
      "callsign": "CHX47",
      "reg": "D-HXFL",
      "type": "EC45",
      "gs": 128,
      "alt": 825,
      "vr": 64,
      "hdg": 92.2,
      "lat": 54.089,
      "lon": 13.233,
      "lastSeen": 10
    },
    {
      "time": "2025-09-14T18:21:52.371Z",
      "hex": "3E0FE9",
      "callsign": "CHX47",
      "reg": "D-HXFL",
      "type": "EC45",
      "gs": 128,
      "alt": 825,
      "vr": -64,
      "hdg": 92.2,
      "lat": 54.089,
      "lon": 13.237,
      "lastSeen": 11
    },
    {
      "time": "2025-09-14T18:21:55.373Z",
      "hex": "3E0FE9",
      "callsign": "CHX47",
      "reg": "D-HXFL",
      "type": "EC45",
      "gs": 128,
      "alt": 825,
      "vr": -64,
      "hdg": 92.2,
      "lat": 54.089,
      "lon": 13.239,
      "lastSeen": 14
    },
    {
      "time": "2025-09-14T18:21:58.373Z",
      "hex": "3E0FE9",
      "callsign": "CHX47",
      "reg": "D-HXFL",
      "type": "EC45",
      "gs": 128,
      "alt": 825,
      "vr": -64,
      "hdg": 92.2,
      "lat": 54.089,
      "lon": 13.242,
      "lastSeen": 11
    },
    {
      "time": "2025-09-14T18:22:01.373Z",
      "hex": "3E0FE9",
      "callsign": "CHX47",
      "reg": "D-HXFL",
      "type": "EC45",
      "gs": 128,
      "alt": 825,
      "vr": -64,
      "hdg": 92.2,
      "lat": 54.089,
      "lon": 13.242,
      "lastSeen": 5
    },
    {
      "time": "2025-09-14T18:22:04.374Z",
      "hex": "3E0FE9",
      "callsign": "CHX47",
      "reg": "D-HXFL",
      "type": "EC45",
      "gs": 128,
      "alt": 825,
      "vr": -64,
      "hdg": 92.2,
      "lat": 54.088,
      "lon": 13.247,
      "lastSeen": 12
    },
    {
      "time": "2025-09-14T18:22:07.375Z",
      "hex": "3E0FE9",
      "callsign": "CHX47",
      "reg": "D-HXFL",
      "type": "EC45",
      "gs": 128,
      "alt": 825,
      "vr": 64,
      "hdg": 93.1,
      "lat": 54.088,
      "lon": 13.249,
      "lastSeen": 7
    },
    {
      "time": "2025-09-14T18:22:10.377Z",
      "hex": "3E0FE9",
      "callsign": "CHX47",
      "reg": "D-HXFL",
      "type": "EC45",
      "gs": 128,
      "alt": 825,
      "vr": 64,
      "hdg": 93.6,
      "lat": 54.088,
      "lon": 13.253,
      "lastSeen": 16
    },
    {
      "time": "2025-09-14T18:22:22.383Z",
      "hex": "3E0FE9",
      "callsign": "CHX47",
      "reg": "D-HXFL",
      "type": "EC45",
      "gs": 128,
      "alt": 800,
      "vr": 0,
      "hdg": 94,
      "lat": 54.088,
      "lon": 13.266,
      "lastSeen": 2
    },
    {
      "time": "2025-09-14T18:22:25.384Z",
      "hex": "3E0FE9",
      "callsign": "CHX47",
      "reg": "D-HXFL",
      "type": "EC45",
      "gs": 128,
      "alt": 800,
      "vr": 0,
      "hdg": 94,
      "lat": 54.088,
      "lon": 13.266,
      "lastSeen": 3
    },
    {
      "time": "2025-09-14T18:22:28.385Z",
      "hex": "3E0FE9",
      "callsign": "CHX47",
      "reg": "D-HXFL",
      "type": "EC45",
      "gs": 128,
      "alt": 800,
      "vr": -64,
      "hdg": 94,
      "lat": 54.088,
      "lon": 13.271,
      "lastSeen": 9
    },
    {
      "time": "2025-09-14T18:22:31.388Z",
      "hex": "3E0FE9",
      "callsign": "CHX47",
      "reg": "D-HXFL",
      "type": "EC45",
      "gs": 128,
      "alt": 800,
      "vr": -64,
      "hdg": 94,
      "lat": 54.088,
      "lon": 13.271,
      "lastSeen": 34
    },
    {
      "time": "2025-09-14T18:22:34.388Z",
      "hex": "3E0FE9",
      "callsign": "CHX47",
      "reg": "D-HXFL",
      "type": "EC45",
      "gs": 128,
      "alt": 800,
      "vr": 0,
      "hdg": 94,
      "lat": 54.087,
      "lon": 13.279,
      "lastSeen": 4
    },
    {
      "time": "2025-09-14T18:22:37.389Z",
      "hex": "3E0FE9",
      "callsign": "CHX47",
      "reg": "D-HXFL",
      "type": "EC45",
      "gs": 128,
      "alt": 825,
      "vr": 0,
      "hdg": 94,
      "lat": 54.087,
      "lon": 13.283,
      "lastSeen": 5
    },
    {
      "time": "2025-09-14T18:22:40.389Z",
      "hex": "3E0FE9",
      "callsign": "CHX47",
      "reg": "D-HXFL",
      "type": "EC45",
      "gs": 128,
      "alt": 825,
      "vr": 128,
      "hdg": 94,
      "lat": 54.087,
      "lon": 13.284,
      "lastSeen": 7
    },
    {
      "time": "2025-09-14T18:22:43.390Z",
      "hex": "3E0FE9",
      "callsign": "CHX47",
      "reg": "D-HXFL",
      "type": "EC45",
      "gs": 128,
      "alt": 825,
      "vr": 0,
      "hdg": 94,
      "lat": 54.087,
      "lon": 13.288,
      "lastSeen": 15
    },
    {
      "time": "2025-09-14T18:22:46.391Z",
      "hex": "3E0FE9",
      "callsign": "CHX47",
      "reg": "D-HXFL",
      "type": "EC45",
      "gs": 128,
      "alt": 825,
      "vr": -64,
      "hdg": 94,
      "lat": 54.087,
      "lon": 13.289,
      "lastSeen": 11
    },
    {
      "time": "2025-09-14T18:22:49.391Z",
      "hex": "3E0FE9",
      "callsign": "CHX47",
      "reg": "D-HXFL",
      "type": "EC45",
      "gs": 127,
      "alt": 825,
      "vr": 0,
      "hdg": 94.1,
      "lat": 54.087,
      "lon": 13.293,
      "lastSeen": 19
    },
    {
      "time": "2025-09-14T18:22:52.391Z",
      "hex": "3E0FE9",
      "callsign": "CHX47",
      "reg": "D-HXFL",
      "type": "EC45",
      "gs": 127,
      "alt": 825,
      "vr": -64,
      "hdg": 94.1,
      "lat": 54.087,
      "lon": 13.297,
      "lastSeen": 13
    },
    {
      "time": "2025-09-14T18:22:55.391Z",
      "hex": "3E0FE9",
      "callsign": "CHX47",
      "reg": "D-HXFL",
      "type": "EC45",
      "gs": 127,
      "alt": 825,
      "vr": -64,
      "hdg": 94.1,
      "lat": 54.086,
      "lon": 13.3,
      "lastSeen": 4
    },
    {
      "time": "2025-09-14T18:22:58.392Z",
      "hex": "3E0FE9",
      "callsign": "CHX47",
      "reg": "D-HXFL",
      "type": "EC45",
      "gs": 127,
      "alt": 825,
      "vr": 0,
      "hdg": 94.5,
      "lat": 54.086,
      "lon": 13.304,
      "lastSeen": 3
    },
    {
      "time": "2025-09-14T18:23:01.393Z",
      "hex": "3E0FE9",
      "callsign": "CHX47",
      "reg": "D-HXFL",
      "type": "EC45",
      "gs": 127,
      "alt": 825,
      "vr": 0,
      "hdg": 94.5,
      "lat": 54.086,
      "lon": 13.305,
      "lastSeen": 6
    },
    {
      "time": "2025-09-14T18:23:04.394Z",
      "hex": "3E0FE9",
      "callsign": "CHX47",
      "reg": "D-HXFL",
      "type": "EC45",
      "gs": 128,
      "alt": 825,
      "vr": 128,
      "hdg": 95,
      "lat": 54.086,
      "lon": 13.308,
      "lastSeen": 10
    },
    {
      "time": "2025-09-14T18:23:07.398Z",
      "hex": "3E0FE9",
      "callsign": "CHX47",
      "reg": "D-HXFL",
      "type": "EC45",
      "gs": 128,
      "alt": 825,
      "vr": -64,
      "hdg": 95,
      "lat": 54.086,
      "lon": 13.313,
      "lastSeen": 5
    },
    {
      "time": "2025-09-14T18:23:10.398Z",
      "hex": "3E0FE9",
      "callsign": "CHX47",
      "reg": "D-HXFL",
      "type": "EC45",
      "gs": 128,
      "alt": 825,
      "vr": 0,
      "hdg": 95,
      "lat": 54.086,
      "lon": 13.313,
      "lastSeen": 1
    },
    {
      "time": "2025-09-14T18:23:13.398Z",
      "hex": "3E0FE9",
      "callsign": "CHX47",
      "reg": "D-HXFL",
      "type": "EC45",
      "gs": 127,
      "alt": 825,
      "vr": 0,
      "hdg": 94.5,
      "lat": 54.086,
      "lon": 13.317,
      "lastSeen": 7
    },
    {
      "time": "2025-09-14T18:23:16.480Z",
      "hex": "3E0FE9",
      "callsign": "CHX47",
      "reg": "D-HXFL",
      "type": "EC45",
      "gs": 128,
      "alt": 825,
      "vr": 0,
      "hdg": 95,
      "lat": 54.085,
      "lon": 13.32,
      "lastSeen": 6
    },
    {
      "time": "2025-09-14T18:23:19.410Z",
      "hex": "3E0FE9",
      "callsign": "CHX47",
      "reg": "D-HXFL",
      "type": "EC45",
      "gs": 128,
      "alt": 825,
      "vr": 0,
      "hdg": 95,
      "lat": 54.085,
      "lon": 13.324,
      "lastSeen": 1
    },
    {
      "time": "2025-09-14T18:23:22.412Z",
      "hex": "3E0FE9",
      "callsign": "CHX47",
      "reg": "D-HXFL",
      "type": "EC45",
      "gs": 128,
      "alt": 825,
      "vr": -64,
      "hdg": 95,
      "lat": 54.085,
      "lon": 13.328,
      "lastSeen": 8
    },
    {
      "time": "2025-09-14T18:23:25.410Z",
      "hex": "3E0FE9",
      "callsign": "CHX47",
      "reg": "D-HXFL",
      "type": "EC45",
      "gs": 128,
      "alt": 825,
      "vr": -64,
      "hdg": 95,
      "lat": 54.085,
      "lon": 13.328,
      "lastSeen": 28
    },
    {
      "time": "2025-09-14T18:23:28.411Z",
      "hex": "3E0FE9",
      "callsign": "CHX47",
      "reg": "D-HXFL",
      "type": "EC45",
      "gs": 128,
      "alt": 825,
      "vr": 0,
      "hdg": 95,
      "lat": 54.085,
      "lon": 13.333,
      "lastSeen": 3
    },
    {
      "time": "2025-09-14T18:23:31.412Z",
      "hex": "3E0FE9",
      "callsign": "CHX47",
      "reg": "D-HXFL",
      "type": "EC45",
      "gs": 128,
      "alt": 825,
      "vr": 0,
      "hdg": 95,
      "lat": 54.085,
      "lon": 13.336,
      "lastSeen": 4
    },
    {
      "time": "2025-09-14T18:23:34.412Z",
      "hex": "3E0FE9",
      "callsign": "CHX47",
      "reg": "D-HXFL",
      "type": "EC45",
      "gs": 128,
      "alt": 800,
      "vr": 0,
      "hdg": 95,
      "lat": 54.085,
      "lon": 13.337,
      "lastSeen": 25
    },
    {
      "time": "2025-09-14T18:23:37.520Z",
      "hex": "3E0FE9",
      "callsign": "CHX47",
      "reg": "D-HXFL",
      "type": "EC45",
      "gs": 128,
      "alt": 800,
      "vr": 0,
      "hdg": 95,
      "lat": 54.085,
      "lon": 13.337,
      "lastSeen": 24
    },
    {
      "time": "2025-09-14T18:23:40.413Z",
      "hex": "3E0FE9",
      "callsign": "CHX47",
      "reg": "D-HXFL",
      "type": "EC45",
      "gs": 128,
      "alt": 800,
      "vr": 0,
      "hdg": 95,
      "lat": 54.085,
      "lon": 13.337,
      "lastSeen": 44
    },
    {
      "time": "2025-09-14T18:23:46.427Z",
      "hex": "3E0FE9",
      "callsign": "CHX47",
      "reg": "D-HXFL",
      "type": "EC45",
      "gs": 128,
      "alt": 825,
      "vr": 128,
      "hdg": 97.2,
      "lat": 54.084,
      "lon": 13.348,
      "lastSeen": 4
    },
    {
      "time": "2025-09-14T18:23:49.422Z",
      "hex": "3E0FE9",
      "callsign": "CHX47",
      "reg": "D-HXFL",
      "type": "EC45",
      "gs": 127,
      "alt": 825,
      "vr": 0,
      "hdg": 97.7,
      "lat": 54.084,
      "lon": 13.354,
      "lastSeen": 5
    },
    {
      "time": "2025-09-14T18:23:52.414Z",
      "hex": "3E0FE9",
      "callsign": "CHX47",
      "reg": "D-HXFL",
      "type": "EC45",
      "gs": 128,
      "alt": 825,
      "vr": 0,
      "hdg": 98.1,
      "lat": 54.083,
      "lon": 13.359,
      "lastSeen": 1
    },
    {
      "time": "2025-09-14T18:23:55.414Z",
      "hex": "3E0FE9",
      "callsign": "CHX47",
      "reg": "D-HXFL",
      "type": "EC45",
      "gs": 128,
      "alt": 825,
      "vr": -64,
      "hdg": 98.1,
      "lat": 54.083,
      "lon": 13.359,
      "lastSeen": 11
    },
    {
      "time": "2025-09-14T18:23:58.417Z",
      "hex": "3E0FE9",
      "callsign": "CHX47",
      "reg": "D-HXFL",
      "type": "EC45",
      "gs": 128,
      "alt": 825,
      "vr": -64,
      "hdg": 98.1,
      "lat": 54.083,
      "lon": 13.364,
      "lastSeen": 4
    },
    {
      "time": "2025-09-14T18:24:01.416Z",
      "hex": "3E0FE9",
      "callsign": "CHX47",
      "reg": "D-HXFL",
      "type": "EC45",
      "gs": 128,
      "alt": 800,
      "vr": 0,
      "hdg": 98.1,
      "lat": 54.082,
      "lon": 13.367,
      "lastSeen": 9
    },
    {
      "time": "2025-09-14T18:24:04.417Z",
      "hex": "3E0FE9",
      "callsign": "CHX47",
      "reg": "D-HXFL",
      "type": "EC45",
      "gs": 128,
      "alt": 825,
      "vr": -64,
      "hdg": 98.5,
      "lat": 54.082,
      "lon": 13.368,
      "lastSeen": 12
    },
    {
      "time": "2025-09-14T18:24:07.419Z",
      "hex": "3E0FE9",
      "callsign": "CHX47",
      "reg": "D-HXFL",
      "type": "EC45",
      "gs": 127,
      "alt": 825,
      "vr": 64,
      "hdg": 98.6,
      "lat": 54.082,
      "lon": 13.372,
      "lastSeen": 8
    },
    {
      "time": "2025-09-14T18:24:10.418Z",
      "hex": "3E0FE9",
      "callsign": "CHX47",
      "reg": "D-HXFL",
      "type": "EC45",
      "gs": 128,
      "alt": 825,
      "vr": 0,
      "hdg": 99,
      "lat": 54.082,
      "lon": 13.373,
      "lastSeen": 11
    },
    {
      "time": "2025-09-14T18:24:13.504Z",
      "hex": "3E0FE9",
      "callsign": "CHX47",
      "reg": "D-HXFL",
      "type": "EC45",
      "gs": 128,
      "alt": 825,
      "vr": 0,
      "hdg": 99.9,
      "lat": 54.081,
      "lon": 13.378,
      "lastSeen": 3
    },
    {
      "time": "2025-09-14T18:24:16.418Z",
      "hex": "3E0FE9",
      "callsign": "CHX47",
      "reg": "D-HXFL",
      "type": "EC45",
      "gs": 127,
      "alt": 800,
      "vr": -128,
      "hdg": 100.9,
      "lat": 54.081,
      "lon": 13.382,
      "lastSeen": 4
    },
    {
      "time": "2025-09-14T18:24:19.418Z",
      "hex": "3E0FE9",
      "callsign": "CHX47",
      "reg": "D-HXFL",
      "type": "EC45",
      "gs": 128,
      "alt": 800,
      "vr": -64,
      "hdg": 101.7,
      "lat": 54.081,
      "lon": 13.384,
      "lastSeen": 11
    },
    {
      "time": "2025-09-14T18:24:22.418Z",
      "hex": "3E0FE9",
      "callsign": "CHX47",
      "reg": "D-HXFL",
      "type": "EC45",
      "gs": 126,
      "alt": 775,
      "vr": -192,
      "hdg": 103.3,
      "lat": 54.08,
      "lon": 13.388,
      "lastSeen": 1
    },
    {
      "time": "2025-09-14T18:24:25.419Z",
      "hex": "3E0FE9",
      "callsign": "CHX47",
      "reg": "D-HXFL",
      "type": "EC45",
      "gs": 126,
      "alt": 775,
      "vr": -320,
      "hdg": 103.3,
      "lat": 54.08,
      "lon": 13.388,
      "lastSeen": 13
    },
    {
      "time": "2025-09-14T18:24:28.420Z",
      "hex": "3E0FE9",
      "callsign": "CHX47",
      "reg": "D-HXFL",
      "type": "EC45",
      "gs": 125,
      "alt": 750,
      "vr": -320,
      "hdg": 103.9,
      "lat": 54.08,
      "lon": 13.393,
      "lastSeen": 11
    },
    {
      "time": "2025-09-14T18:24:31.420Z",
      "hex": "3E0FE9",
      "callsign": "CHX47",
      "reg": "D-HXFL",
      "type": "EC45",
      "gs": 123,
      "alt": 725,
      "vr": -384,
      "hdg": 104.6,
      "lat": 54.079,
      "lon": 13.393,
      "lastSeen": 23
    },
    {
      "time": "2025-09-14T18:24:34.420Z",
      "hex": "3E0FE9",
      "callsign": "CHX47",
      "reg": "D-HXFL",
      "type": "EC45",
      "gs": 121,
      "alt": 700,
      "vr": -448,
      "hdg": 105.3,
      "lat": 54.079,
      "lon": 13.397,
      "lastSeen": 17
    },
    {
      "time": "2025-09-14T18:24:37.420Z",
      "hex": "3E0FE9",
      "callsign": "CHX47",
      "reg": "D-HXFL",
      "type": "EC45",
      "gs": 119,
      "alt": 700,
      "vr": -512,
      "hdg": 105.1,
      "lat": 54.079,
      "lon": 13.399,
      "lastSeen": 23
    },
    {
      "time": "2025-09-14T18:24:40.431Z",
      "hex": "3E0FE9",
      "callsign": "CHX47",
      "reg": "D-HXFL",
      "type": "EC45",
      "gs": 115,
      "alt": 625,
      "vr": -512,
      "hdg": 99,
      "lat": 54.078,
      "lon": 13.405,
      "lastSeen": 1
    },
    {
      "time": "2025-09-14T18:24:43.453Z",
      "hex": "3E0FE9",
      "callsign": "CHX47",
      "reg": "D-HXFL",
      "type": "EC45",
      "gs": 115,
      "alt": 625,
      "vr": -448,
      "hdg": 96,
      "lat": 54.078,
      "lon": 13.406,
      "lastSeen": 11
    },
    {
      "time": "2025-09-14T18:24:46.421Z",
      "hex": "3E0FE9",
      "callsign": "CHX47",
      "reg": "D-HXFL",
      "type": "EC45",
      "gs": 110,
      "alt": 575,
      "vr": -640,
      "hdg": 82.2,
      "lat": 54.078,
      "lon": 13.41,
      "lastSeen": 6
    },
    {
      "time": "2025-09-14T18:24:49.420Z",
      "hex": "3E0FE9",
      "callsign": "CHX47",
      "reg": "D-HXFL",
      "type": "EC45",
      "gs": 106,
      "alt": 550,
      "vr": -576,
      "hdg": 72.4,
      "lat": 54.078,
      "lon": 13.412,
      "lastSeen": 2
    },
    {
      "time": "2025-09-14T18:24:52.420Z",
      "hex": "3E0FE9",
      "callsign": "CHX47",
      "reg": "D-HXFL",
      "type": "EC45",
      "gs": 103,
      "alt": 525,
      "vr": -640,
      "hdg": 65.2,
      "lat": 54.079,
      "lon": 13.414,
      "lastSeen": 13
    },
    {
      "time": "2025-09-14T18:24:55.422Z",
      "hex": "3E0FE9",
      "callsign": "CHX47",
      "reg": "D-HXFL",
      "type": "EC45",
      "gs": 95,
      "alt": 500,
      "vr": -512,
      "hdg": 51.8,
      "lat": 54.079,
      "lon": 13.415,
      "lastSeen": 3
    },
    {
      "time": "2025-09-14T18:24:58.421Z",
      "hex": "3E0FE9",
      "callsign": "CHX47",
      "reg": "D-HXFL",
      "type": "EC45",
      "gs": 89,
      "alt": 475,
      "vr": -576,
      "hdg": 41.4,
      "lat": 54.08,
      "lon": 13.416,
      "lastSeen": 15
    },
    {
      "time": "2025-09-14T18:25:01.424Z",
      "hex": "3E0FE9",
      "callsign": "CHX47",
      "reg": "D-HXFL",
      "type": "EC45",
      "gs": 82,
      "alt": 475,
      "vr": -256,
      "hdg": 28.4,
      "lat": 54.081,
      "lon": 13.417,
      "lastSeen": 23
    },
    {
      "time": "2025-09-14T18:25:04.552Z",
      "hex": "3E0FE9",
      "callsign": "CHX47",
      "reg": "D-HXFL",
      "type": "EC45",
      "gs": 73,
      "alt": 475,
      "vr": -192,
      "hdg": 12.7,
      "lat": 54.082,
      "lon": 13.417,
      "lastSeen": 16
    },
    {
      "time": "2025-09-14T18:25:07.424Z",
      "hex": "3E0FE9",
      "callsign": "CHX47",
      "reg": "D-HXFL",
      "type": "EC45",
      "gs": 57,
      "alt": 450,
      "vr": -320,
      "hdg": 337.1,
      "lat": 54.083,
      "lon": 13.417,
      "lastSeen": 3
    },
    {
      "time": "2025-09-14T18:25:10.442Z",
      "hex": "3E0FE9",
      "callsign": "CHX47",
      "reg": "D-HXFL",
      "type": "EC45",
      "gs": 51,
      "alt": 425,
      "vr": -320,
      "hdg": 321.3,
      "lat": 54.084,
      "lon": 13.416,
      "lastSeen": 8
    },
    {
      "time": "2025-09-14T18:25:13.426Z",
      "hex": "3E0FE9",
      "callsign": "CHX47",
      "reg": "D-HXFL",
      "type": "EC45",
      "gs": 48,
      "alt": 400,
      "vr": -256,
      "hdg": 316.7,
      "lat": 54.084,
      "lon": 13.416,
      "lastSeen": 8
    },
    {
      "time": "2025-09-14T18:25:16.439Z",
      "hex": "3E0FE9",
      "callsign": "CHX47",
      "reg": "D-HXFL",
      "type": "EC45",
      "gs": 46,
      "alt": 400,
      "vr": -320,
      "hdg": 314.1,
      "lat": 54.085,
      "lon": 13.415,
      "lastSeen": 10
    },
    {
      "time": "2025-09-14T18:25:19.426Z",
      "hex": "3E0FE9",
      "callsign": "CHX47",
      "reg": "D-HXFL",
      "type": "EC45",
      "gs": 44,
      "alt": 375,
      "vr": -256,
      "hdg": 315,
      "lat": 54.085,
      "lon": 13.414,
      "lastSeen": 7
    },
    {
      "time": "2025-09-14T18:25:22.427Z",
      "hex": "3E0FE9",
      "callsign": "CHX47",
      "reg": "D-HXFL",
      "type": "EC45",
      "gs": 39,
      "alt": 350,
      "vr": -320,
      "hdg": 316,
      "lat": 54.086,
      "lon": 13.413,
      "lastSeen": 3
    },
    {
      "time": "2025-09-14T18:25:25.427Z",
      "hex": "3E0FE9",
      "callsign": "CHX47",
      "reg": "D-HXFL",
      "type": "EC45",
      "gs": 38,
      "alt": 350,
      "vr": -384,
      "hdg": 317.1,
      "lat": 54.086,
      "lon": 13.413,
      "lastSeen": 20
    },
    {
      "time": "2025-09-14T18:25:28.430Z",
      "hex": "3E0FE9",
      "callsign": "CHX47",
      "reg": "D-HXFL",
      "type": "EC45",
      "gs": 36,
      "alt": 350,
      "vr": -320,
      "hdg": 316.1,
      "lat": 54.086,
      "lon": 13.413,
      "lastSeen": 21
    },
    {
      "time": "2025-09-14T18:25:31.427Z",
      "hex": "3E0FE9",
      "callsign": "CHX47",
      "reg": "D-HXFL",
      "type": "EC45",
      "gs": 34,
      "alt": 325,
      "vr": -384,
      "hdg": 315,
      "lat": 54.086,
      "lon": 13.412,
      "lastSeen": 23
    },
    {
      "time": "2025-09-14T18:25:34.426Z",
      "hex": "3E0FE9",
      "callsign": "CHX47",
      "reg": "D-HXFL",
      "type": "EC45",
      "gs": 31,
      "alt": 300,
      "vr": -384,
      "hdg": 315,
      "lat": 54.087,
      "lon": 13.412,
      "lastSeen": 21
    },
    {
      "time": "2025-09-14T18:25:37.426Z",
      "hex": "3E0FE9",
      "callsign": "CHX47",
      "reg": "D-HXFL",
      "type": "EC45",
      "gs": 28,
      "alt": 275,
      "vr": -448,
      "hdg": 316.5,
      "lat": 54.087,
      "lon": 13.411,
      "lastSeen": 13
    },
    {
      "time": "2025-09-14T18:25:40.478Z",
      "hex": "3E0FE9",
      "callsign": "CHX47",
      "reg": "D-HXFL",
      "type": "EC45",
      "gs": 24,
      "alt": 225,
      "vr": -448,
      "hdg": 318.4,
      "lat": 54.087,
      "lon": 13.41,
      "lastSeen": 7
    },
    {
      "time": "2025-09-14T18:25:43.429Z",
      "hex": "3E0FE9",
      "callsign": "CHX47",
      "reg": "D-HXFL",
      "type": "EC45",
      "gs": 22,
      "alt": 225,
      "vr": -448,
      "hdg": 316.8,
      "lat": 54.088,
      "lon": 13.41,
      "lastSeen": 9
    },
    {
      "time": "2025-09-14T18:25:46.429Z",
      "hex": "3E0FE9",
      "callsign": "CHX47",
      "reg": "D-HXFL",
      "type": "EC45",
      "gs": 18,
      "alt": 200,
      "vr": -320,
      "hdg": 321.8,
      "lat": 54.088,
      "lon": 13.41,
      "lastSeen": 3
    },
    {
      "time": "2025-09-14T18:25:49.429Z",
      "hex": "3E0FE9",
      "callsign": "CHX47",
      "reg": "D-HXFL",
      "type": "EC45",
      "gs": 17,
      "alt": 200,
      "vr": -256,
      "hdg": 315,
      "lat": 54.088,
      "lon": 13.409,
      "lastSeen": 13
    },
    {
      "time": "2025-09-14T18:25:52.430Z",
      "hex": "3E0FE9",
      "callsign": "CHX47",
      "reg": "D-HXFL",
      "type": "EC45",
      "gs": 16,
      "alt": 175,
      "vr": -320,
      "hdg": 320.2,
      "lat": 54.088,
      "lon": 13.409,
      "lastSeen": 13
    },
    {
      "time": "2025-09-14T18:25:55.430Z",
      "hex": "3E0FE9",
      "callsign": "CHX47",
      "reg": "D-HXFL",
      "type": "EC45",
      "gs": 14,
      "alt": 150,
      "vr": -384,
      "hdg": 320.7,
      "lat": 54.088,
      "lon": 13.409,
      "lastSeen": 25
    },
    {
      "time": "2025-09-14T18:25:58.431Z",
      "hex": "3E0FE9",
      "callsign": "CHX47",
      "reg": "D-HXFL",
      "type": "EC45",
      "gs": 13,
      "alt": 150,
      "vr": -384,
      "hdg": 321.3,
      "lat": 54.088,
      "lon": 13.409,
      "lastSeen": 17
    },
    {
      "time": "2025-09-14T18:26:01.433Z",
      "hex": "3E0FE9",
      "callsign": "CHX47",
      "reg": "D-HXFL",
      "type": "EC45",
      "gs": 9,
      "alt": 125,
      "vr": -256,
      "hdg": 315,
      "lat": 54.088,
      "lon": 13.409,
      "lastSeen": 2
    },
    {
      "time": "2025-09-14T18:26:04.432Z",
      "hex": "3E0FE9",
      "callsign": "CHX47",
      "reg": "D-HXFL",
      "type": "EC45",
      "gs": 8,
      "alt": 100,
      "vr": -320,
      "hdg": 320.2,
      "lat": 54.089,
      "lon": 13.409,
      "lastSeen": 8
    },
    {
      "time": "2025-09-14T18:26:07.433Z",
      "hex": "3E0FE9",
      "callsign": "CHX47",
      "reg": "D-HXFL",
      "type": "EC45",
      "gs": 8,
      "alt": 100,
      "vr": -192,
      "hdg": 309.8,
      "lat": 54.089,
      "lon": 13.408,
      "lastSeen": 11
    },
    {
      "time": "2025-09-14T18:26:10.453Z",
      "hex": "3E0FE9",
      "callsign": "CHX47",
      "reg": "D-HXFL",
      "type": "EC45",
      "gs": 8,
      "alt": 100,
      "vr": -192,
      "hdg": 309.8,
      "lat": 54.089,
      "lon": 13.408,
      "lastSeen": 46
    },
    {
      "time": "2025-09-14T18:31:10.507Z",
      "hex": "3E0FE9",
      "callsign": "CHX47",
      "reg": "D-HXFL",
      "type": "EC45",
      "gs": 8,
      "alt": 100,
      "vr": -192,
      "hdg": 309.8,
      "lat": 54.089,
      "lon": 13.408,
      "lastSeen": 5
    },
    {
      "time": "2025-09-14T18:31:13.510Z",
      "hex": "3E0FE9",
      "callsign": "CHX47",
      "reg": "D-HXFL",
      "type": "EC45",
      "gs": 8,
      "alt": 100,
      "vr": -192,
      "hdg": 309.8,
      "lat": 54.089,
      "lon": 13.408,
      "lastSeen": 5
    },
    {
      "time": "2025-09-14T18:31:16.512Z",
      "hex": "3E0FE9",
      "callsign": "CHX47",
      "reg": "D-HXFL",
      "type": "EC45",
      "gs": 8,
      "alt": 100,
      "vr": -192,
      "hdg": 309.8,
      "lat": 54.089,
      "lon": 13.408,
      "lastSeen": 5
    },
    {
      "time": "2025-09-14T18:31:19.512Z",
      "hex": "3E0FE9",
      "callsign": "CHX47",
      "reg": "D-HXFL",
      "type": "EC45",
      "gs": 8,
      "alt": 100,
      "vr": -192,
      "hdg": 309.8,
      "lat": 54.089,
      "lon": 13.408,
      "lastSeen": 5
    },
    {
      "time": "2025-09-14T18:31:22.512Z",
      "hex": "3E0FE9",
      "callsign": "CHX47",
      "reg": "D-HXFL",
      "type": "EC45",
      "gs": 8,
      "alt": 100,
      "vr": -192,
      "hdg": 309.8,
      "lat": 54.089,
      "lon": 13.408,
      "lastSeen": 5
    },
    {
      "time": "2025-09-14T18:31:25.513Z",
      "hex": "3E0FE9",
      "callsign": "CHX47",
      "reg": "D-HXFL",
      "type": "EC45",
      "gs": 8,
      "alt": 100,
      "vr": -192,
      "hdg": 309.8,
      "lat": 54.089,
      "lon": 13.408,
      "lastSeen": 5
    },
    {
      "time": "2025-09-14T18:31:28.515Z",
      "hex": "3E0FE9",
      "callsign": "CHX47",
      "reg": "D-HXFL",
      "type": "EC45",
      "gs": 8,
      "alt": 100,
      "vr": -192,
      "hdg": 309.8,
      "lat": 54.089,
      "lon": 13.408,
      "lastSeen": 5
    },
    {
      "time": "2025-09-14T18:31:31.515Z",
      "hex": "3E0FE9",
      "callsign": "CHX47",
      "reg": "D-HXFL",
      "type": "EC45",
      "gs": 8,
      "alt": 100,
      "vr": -192,
      "hdg": 309.8,
      "lat": 54.089,
      "lon": 13.408,
      "lastSeen": 5
    },
    {
      "time": "2025-09-14T18:31:34.516Z",
      "hex": "3E0FE9",
      "callsign": "CHX47",
      "reg": "D-HXFL",
      "type": "EC45",
      "gs": 8,
      "alt": 100,
      "vr": -192,
      "hdg": 309.8,
      "lat": 54.089,
      "lon": 13.408,
      "lastSeen": 5
    },
    {
      "time": "2025-09-14T18:31:37.515Z",
      "hex": "3E0FE9",
      "callsign": "CHX47",
      "reg": "D-HXFL",
      "type": "EC45",
      "gs": 8,
      "alt": 100,
      "vr": -192,
      "hdg": 309.8,
      "lat": 54.089,
      "lon": 13.408,
      "lastSeen": 6
    },
    {
      "time": "2025-09-14T18:31:40.516Z",
      "hex": "3E0FE9",
      "callsign": "CHX47",
      "reg": "D-HXFL",
      "type": "EC45",
      "gs": 8,
      "alt": 100,
      "vr": -192,
      "hdg": 309.8,
      "lat": 54.089,
      "lon": 13.408,
      "lastSeen": 6
    },
    {
      "time": "2025-09-14T18:31:43.520Z",
      "hex": "3E0FE9",
      "callsign": "CHX47",
      "reg": "D-HXFL",
      "type": "EC45",
      "gs": 8,
      "alt": 100,
      "vr": -192,
      "hdg": 309.8,
      "lat": 54.089,
      "lon": 13.408,
      "lastSeen": 6
    },
    {
      "time": "2025-09-14T18:31:46.520Z",
      "hex": "3E0FE9",
      "callsign": "CHX47",
      "reg": "D-HXFL",
      "type": "EC45",
      "gs": 8,
      "alt": 100,
      "vr": -192,
      "hdg": 309.8,
      "lat": 54.089,
      "lon": 13.408,
      "lastSeen": 6
    },
    {
      "time": "2025-09-14T18:31:49.522Z",
      "hex": "3E0FE9",
      "callsign": "CHX47",
      "reg": "D-HXFL",
      "type": "EC45",
      "gs": 8,
      "alt": 100,
      "vr": -192,
      "hdg": 309.8,
      "lat": 54.089,
      "lon": 13.408,
      "lastSeen": 6
    },
    {
      "time": "2025-09-14T18:31:52.522Z",
      "hex": "3E0FE9",
      "callsign": "CHX47",
      "reg": "D-HXFL",
      "type": "EC45",
      "gs": 8,
      "alt": 100,
      "vr": -192,
      "hdg": 309.8,
      "lat": 54.089,
      "lon": 13.408,
      "lastSeen": 6
    },
    {
      "time": "2025-09-14T18:31:55.528Z",
      "hex": "3E0FE9",
      "callsign": "CHX47",
      "reg": "D-HXFL",
      "type": "EC45",
      "gs": 8,
      "alt": 100,
      "vr": -192,
      "hdg": 309.8,
      "lat": 54.089,
      "lon": 13.408,
      "lastSeen": 6
    },
    {
      "time": "2025-09-14T18:31:58.524Z",
      "hex": "3E0FE9",
      "callsign": "CHX47",
      "reg": "D-HXFL",
      "type": "EC45",
      "gs": 8,
      "alt": 100,
      "vr": -192,
      "hdg": 309.8,
      "lat": 54.089,
      "lon": 13.408,
      "lastSeen": 6
    },
    {
      "time": "2025-09-14T18:32:01.524Z",
      "hex": "3E0FE9",
      "callsign": "CHX47",
      "reg": "D-HXFL",
      "type": "EC45",
      "gs": 8,
      "alt": 100,
      "vr": -192,
      "hdg": 309.8,
      "lat": 54.089,
      "lon": 13.408,
      "lastSeen": 6
    },
    {
      "time": "2025-09-14T18:32:04.525Z",
      "hex": "3E0FE9",
      "callsign": "CHX47",
      "reg": "D-HXFL",
      "type": "EC45",
      "gs": 8,
      "alt": 100,
      "vr": -192,
      "hdg": 309.8,
      "lat": 54.089,
      "lon": 13.408,
      "lastSeen": 6
    },
    {
      "time": "2025-09-14T18:32:07.526Z",
      "hex": "3E0FE9",
      "callsign": "CHX47",
      "reg": "D-HXFL",
      "type": "EC45",
      "gs": 8,
      "alt": 100,
      "vr": -192,
      "hdg": 309.8,
      "lat": 54.089,
      "lon": 13.408,
      "lastSeen": 6
    },
    {
      "time": "2025-09-14T18:32:10.529Z",
      "hex": "3E0FE9",
      "callsign": "CHX47",
      "reg": "D-HXFL",
      "type": "EC45",
      "gs": 8,
      "alt": 100,
      "vr": -192,
      "hdg": 309.8,
      "lat": 54.089,
      "lon": 13.408,
      "lastSeen": 6
    },
    {
      "time": "2025-09-14T18:32:13.530Z",
      "hex": "3E0FE9",
      "callsign": "CHX47",
      "reg": "D-HXFL",
      "type": "EC45",
      "gs": 8,
      "alt": 100,
      "vr": -192,
      "hdg": 309.8,
      "lat": 54.089,
      "lon": 13.408,
      "lastSeen": 6
    },
    {
      "time": "2025-09-14T18:32:16.530Z",
      "hex": "3E0FE9",
      "callsign": "CHX47",
      "reg": "D-HXFL",
      "type": "EC45",
      "gs": 8,
      "alt": 100,
      "vr": -192,
      "hdg": 309.8,
      "lat": 54.089,
      "lon": 13.408,
      "lastSeen": 6
    },
    {
      "time": "2025-09-14T18:32:19.550Z",
      "hex": "3E0FE9",
      "callsign": "CHX47",
      "reg": "D-HXFL",
      "type": "EC45",
      "gs": 8,
      "alt": 100,
      "vr": -192,
      "hdg": 309.8,
      "lat": 54.089,
      "lon": 13.408,
      "lastSeen": 6
    },
    {
      "time": "2025-09-14T18:32:22.531Z",
      "hex": "3E0FE9",
      "callsign": "CHX47",
      "reg": "D-HXFL",
      "type": "EC45",
      "gs": 8,
      "alt": 100,
      "vr": -192,
      "hdg": 309.8,
      "lat": 54.089,
      "lon": 13.408,
      "lastSeen": 6
    },
    {
      "time": "2025-09-14T18:32:25.533Z",
      "hex": "3E0FE9",
      "callsign": "CHX47",
      "reg": "D-HXFL",
      "type": "EC45",
      "gs": 8,
      "alt": 100,
      "vr": -192,
      "hdg": 309.8,
      "lat": 54.089,
      "lon": 13.408,
      "lastSeen": 6
    },
    {
      "time": "2025-09-14T18:32:28.533Z",
      "hex": "3E0FE9",
      "callsign": "CHX47",
      "reg": "D-HXFL",
      "type": "EC45",
      "gs": 8,
      "alt": 100,
      "vr": -192,
      "hdg": 309.8,
      "lat": 54.089,
      "lon": 13.408,
      "lastSeen": 6
    },
    {
      "time": "2025-09-14T18:32:31.533Z",
      "hex": "3E0FE9",
      "callsign": "CHX47",
      "reg": "D-HXFL",
      "type": "EC45",
      "gs": 8,
      "alt": 100,
      "vr": -192,
      "hdg": 309.8,
      "lat": 54.089,
      "lon": 13.408,
      "lastSeen": 6
    },
    {
      "time": "2025-09-14T18:32:34.535Z",
      "hex": "3E0FE9",
      "callsign": "CHX47",
      "reg": "D-HXFL",
      "type": "EC45",
      "gs": 8,
      "alt": 100,
      "vr": -192,
      "hdg": 309.8,
      "lat": 54.089,
      "lon": 13.408,
      "lastSeen": 6
    },
    {
      "time": "2025-09-14T18:32:37.538Z",
      "hex": "3E0FE9",
      "callsign": "CHX47",
      "reg": "D-HXFL",
      "type": "EC45",
      "gs": 8,
      "alt": 100,
      "vr": -192,
      "hdg": 309.8,
      "lat": 54.089,
      "lon": 13.408,
      "lastSeen": 6
    },
    {
      "time": "2025-09-14T18:32:40.539Z",
      "hex": "3E0FE9",
      "callsign": "CHX47",
      "reg": "D-HXFL",
      "type": "EC45",
      "gs": 8,
      "alt": 100,
      "vr": -192,
      "hdg": 309.8,
      "lat": 54.089,
      "lon": 13.408,
      "lastSeen": 7
    },
    {
      "time": "2025-09-14T18:32:43.540Z",
      "hex": "3E0FE9",
      "callsign": "CHX47",
      "reg": "D-HXFL",
      "type": "EC45",
      "gs": 8,
      "alt": 100,
      "vr": -192,
      "hdg": 309.8,
      "lat": 54.089,
      "lon": 13.408,
      "lastSeen": 7
    },
    {
      "time": "2025-09-14T18:32:46.543Z",
      "hex": "3E0FE9",
      "callsign": "CHX47",
      "reg": "D-HXFL",
      "type": "EC45",
      "gs": 8,
      "alt": 100,
      "vr": -192,
      "hdg": 309.8,
      "lat": 54.089,
      "lon": 13.408,
      "lastSeen": 7
    },
    {
      "time": "2025-09-14T18:32:49.544Z",
      "hex": "3E0FE9",
      "callsign": "CHX47",
      "reg": "D-HXFL",
      "type": "EC45",
      "gs": 8,
      "alt": 100,
      "vr": -192,
      "hdg": 309.8,
      "lat": 54.089,
      "lon": 13.408,
      "lastSeen": 7
    },
    {
      "time": "2025-09-14T18:32:52.544Z",
      "hex": "3E0FE9",
      "callsign": "CHX47",
      "reg": "D-HXFL",
      "type": "EC45",
      "gs": 8,
      "alt": 100,
      "vr": -192,
      "hdg": 309.8,
      "lat": 54.089,
      "lon": 13.408,
      "lastSeen": 7
    },
    {
      "time": "2025-09-14T18:32:55.554Z",
      "hex": "3E0FE9",
      "callsign": "CHX47",
      "reg": "D-HXFL",
      "type": "EC45",
      "gs": 8,
      "alt": 100,
      "vr": -192,
      "hdg": 309.8,
      "lat": 54.089,
      "lon": 13.408,
      "lastSeen": 7
    },
    {
      "time": "2025-09-14T18:32:58.552Z",
      "hex": "3E0FE9",
      "callsign": "CHX47",
      "reg": "D-HXFL",
      "type": "EC45",
      "gs": 8,
      "alt": 100,
      "vr": -192,
      "hdg": 309.8,
      "lat": 54.089,
      "lon": 13.408,
      "lastSeen": 7
    },
    {
      "time": "2025-09-14T18:33:01.553Z",
      "hex": "3E0FE9",
      "callsign": "CHX47",
      "reg": "D-HXFL",
      "type": "EC45",
      "gs": 8,
      "alt": 100,
      "vr": -192,
      "hdg": 309.8,
      "lat": 54.089,
      "lon": 13.408,
      "lastSeen": 7
    },
    {
      "time": "2025-09-14T18:33:04.556Z",
      "hex": "3E0FE9",
      "callsign": "CHX47",
      "reg": "D-HXFL",
      "type": "EC45",
      "gs": 8,
      "alt": 100,
      "vr": -192,
      "hdg": 309.8,
      "lat": 54.089,
      "lon": 13.408,
      "lastSeen": 7
    },
    {
      "time": "2025-09-14T18:33:07.557Z",
      "hex": "3E0FE9",
      "callsign": "CHX47",
      "reg": "D-HXFL",
      "type": "EC45",
      "gs": 8,
      "alt": 100,
      "vr": -192,
      "hdg": 309.8,
      "lat": 54.089,
      "lon": 13.408,
      "lastSeen": 7
    },
    {
      "time": "2025-09-14T18:33:10.559Z",
      "hex": "3E0FE9",
      "callsign": "CHX47",
      "reg": "D-HXFL",
      "type": "EC45",
      "gs": 8,
      "alt": 100,
      "vr": -192,
      "hdg": 309.8,
      "lat": 54.089,
      "lon": 13.408,
      "lastSeen": 7
    },
    {
      "time": "2025-09-14T18:33:13.562Z",
      "hex": "3E0FE9",
      "callsign": "CHX47",
      "reg": "D-HXFL",
      "type": "EC45",
      "gs": 8,
      "alt": 100,
      "vr": -192,
      "hdg": 309.8,
      "lat": 54.089,
      "lon": 13.408,
      "lastSeen": 7
    },
    {
      "time": "2025-09-14T18:33:16.564Z",
      "hex": "3E0FE9",
      "callsign": "CHX47",
      "reg": "D-HXFL",
      "type": "EC45",
      "gs": 8,
      "alt": 100,
      "vr": -192,
      "hdg": 309.8,
      "lat": 54.089,
      "lon": 13.408,
      "lastSeen": 7
    },
    {
      "time": "2025-09-14T18:33:19.564Z",
      "hex": "3E0FE9",
      "callsign": "CHX47",
      "reg": "D-HXFL",
      "type": "EC45",
      "gs": 8,
      "alt": 100,
      "vr": -192,
      "hdg": 309.8,
      "lat": 54.089,
      "lon": 13.408,
      "lastSeen": 7
    },
    {
      "time": "2025-09-14T18:33:22.563Z",
      "hex": "3E0FE9",
      "callsign": "CHX47",
      "reg": "D-HXFL",
      "type": "EC45",
      "gs": 8,
      "alt": 100,
      "vr": -192,
      "hdg": 309.8,
      "lat": 54.089,
      "lon": 13.408,
      "lastSeen": 7
    },
    {
      "time": "2025-09-14T18:33:25.564Z",
      "hex": "3E0FE9",
      "callsign": "CHX47",
      "reg": "D-HXFL",
      "type": "EC45",
      "gs": 8,
      "alt": 100,
      "vr": -192,
      "hdg": 309.8,
      "lat": 54.089,
      "lon": 13.408,
      "lastSeen": 7
    },
    {
      "time": "2025-09-14T18:33:28.584Z",
      "hex": "3E0FE9",
      "callsign": "CHX47",
      "reg": "D-HXFL",
      "type": "EC45",
      "gs": 8,
      "alt": 100,
      "vr": -192,
      "hdg": 309.8,
      "lat": 54.089,
      "lon": 13.408,
      "lastSeen": 7
    },
    {
      "time": "2025-09-14T18:33:31.564Z",
      "hex": "3E0FE9",
      "callsign": "CHX47",
      "reg": "D-HXFL",
      "type": "EC45",
      "gs": 8,
      "alt": 100,
      "vr": -192,
      "hdg": 309.8,
      "lat": 54.089,
      "lon": 13.408,
      "lastSeen": 7
    },
    {
      "time": "2025-09-14T18:33:34.564Z",
      "hex": "3E0FE9",
      "callsign": "CHX47",
      "reg": "D-HXFL",
      "type": "EC45",
      "gs": 8,
      "alt": 100,
      "vr": -192,
      "hdg": 309.8,
      "lat": 54.089,
      "lon": 13.408,
      "lastSeen": 7
    },
    {
      "time": "2025-09-14T18:33:37.565Z",
      "hex": "3E0FE9",
      "callsign": "CHX47",
      "reg": "D-HXFL",
      "type": "EC45",
      "gs": 8,
      "alt": 100,
      "vr": -192,
      "hdg": 309.8,
      "lat": 54.089,
      "lon": 13.408,
      "lastSeen": 7
    },
    {
      "time": "2025-09-14T18:33:40.567Z",
      "hex": "3E0FE9",
      "callsign": "CHX47",
      "reg": "D-HXFL",
      "type": "EC45",
      "gs": 8,
      "alt": 100,
      "vr": -192,
      "hdg": 309.8,
      "lat": 54.089,
      "lon": 13.408,
      "lastSeen": 8
    },
    {
      "time": "2025-09-14T18:33:43.568Z",
      "hex": "3E0FE9",
      "callsign": "CHX47",
      "reg": "D-HXFL",
      "type": "EC45",
      "gs": 8,
      "alt": 100,
      "vr": -192,
      "hdg": 309.8,
      "lat": 54.089,
      "lon": 13.408,
      "lastSeen": 8
    },
    {
      "time": "2025-09-14T18:33:46.597Z",
      "hex": "3E0FE9",
      "callsign": "CHX47",
      "reg": "D-HXFL",
      "type": "EC45",
      "gs": 8,
      "alt": 100,
      "vr": -192,
      "hdg": 309.8,
      "lat": 54.089,
      "lon": 13.408,
      "lastSeen": 8
    },
    {
      "time": "2025-09-14T18:33:49.568Z",
      "hex": "3E0FE9",
      "callsign": "CHX47",
      "reg": "D-HXFL",
      "type": "EC45",
      "gs": 8,
      "alt": 100,
      "vr": -192,
      "hdg": 309.8,
      "lat": 54.089,
      "lon": 13.408,
      "lastSeen": 8
    },
    {
      "time": "2025-09-14T18:33:52.568Z",
      "hex": "3E0FE9",
      "callsign": "CHX47",
      "reg": "D-HXFL",
      "type": "EC45",
      "gs": 8,
      "alt": 100,
      "vr": -192,
      "hdg": 309.8,
      "lat": 54.089,
      "lon": 13.408,
      "lastSeen": 8
    },
    {
      "time": "2025-09-14T18:33:55.582Z",
      "hex": "3E0FE9",
      "callsign": "CHX47",
      "reg": "D-HXFL",
      "type": "EC45",
      "gs": 8,
      "alt": 100,
      "vr": -192,
      "hdg": 309.8,
      "lat": 54.089,
      "lon": 13.408,
      "lastSeen": 8
    },
    {
      "time": "2025-09-14T18:33:58.569Z",
      "hex": "3E0FE9",
      "callsign": "CHX47",
      "reg": "D-HXFL",
      "type": "EC45",
      "gs": 8,
      "alt": 100,
      "vr": -192,
      "hdg": 309.8,
      "lat": 54.089,
      "lon": 13.408,
      "lastSeen": 8
    },
    {
      "time": "2025-09-14T18:34:01.570Z",
      "hex": "3E0FE9",
      "callsign": "CHX47",
      "reg": "D-HXFL",
      "type": "EC45",
      "gs": 8,
      "alt": 100,
      "vr": -192,
      "hdg": 309.8,
      "lat": 54.089,
      "lon": 13.408,
      "lastSeen": 8
    },
    {
      "time": "2025-09-14T18:34:04.570Z",
      "hex": "3E0FE9",
      "callsign": "CHX47",
      "reg": "D-HXFL",
      "type": "EC45",
      "gs": 8,
      "alt": 100,
      "vr": -192,
      "hdg": 309.8,
      "lat": 54.089,
      "lon": 13.408,
      "lastSeen": 8
    },
    {
      "time": "2025-09-14T18:34:07.572Z",
      "hex": "3E0FE9",
      "callsign": "CHX47",
      "reg": "D-HXFL",
      "type": "EC45",
      "gs": 8,
      "alt": 100,
      "vr": -192,
      "hdg": 309.8,
      "lat": 54.089,
      "lon": 13.408,
      "lastSeen": 8
    },
    {
      "time": "2025-09-14T18:34:10.571Z",
      "hex": "3E0FE9",
      "callsign": "CHX47",
      "reg": "D-HXFL",
      "type": "EC45",
      "gs": 8,
      "alt": 100,
      "vr": -192,
      "hdg": 309.8,
      "lat": 54.089,
      "lon": 13.408,
      "lastSeen": 8
    },
    {
      "time": "2025-09-14T18:34:13.570Z",
      "hex": "3E0FE9",
      "callsign": "CHX47",
      "reg": "D-HXFL",
      "type": "EC45",
      "gs": 8,
      "alt": 100,
      "vr": -192,
      "hdg": 309.8,
      "lat": 54.089,
      "lon": 13.408,
      "lastSeen": 8
    },
    {
      "time": "2025-09-14T18:34:16.571Z",
      "hex": "3E0FE9",
      "callsign": "CHX47",
      "reg": "D-HXFL",
      "type": "EC45",
      "gs": 8,
      "alt": 100,
      "vr": -192,
      "hdg": 309.8,
      "lat": 54.089,
      "lon": 13.408,
      "lastSeen": 8
    },
    {
      "time": "2025-09-14T18:34:19.571Z",
      "hex": "3E0FE9",
      "callsign": "CHX47",
      "reg": "D-HXFL",
      "type": "EC45",
      "gs": 8,
      "alt": 100,
      "vr": -192,
      "hdg": 309.8,
      "lat": 54.089,
      "lon": 13.408,
      "lastSeen": 8
    },
    {
      "time": "2025-09-14T18:34:22.572Z",
      "hex": "3E0FE9",
      "callsign": "CHX47",
      "reg": "D-HXFL",
      "type": "EC45",
      "gs": 8,
      "alt": 100,
      "vr": -192,
      "hdg": 309.8,
      "lat": 54.089,
      "lon": 13.408,
      "lastSeen": 8
    },
    {
      "time": "2025-09-14T18:34:25.572Z",
      "hex": "3E0FE9",
      "callsign": "CHX47",
      "reg": "D-HXFL",
      "type": "EC45",
      "gs": 8,
      "alt": 100,
      "vr": -192,
      "hdg": 309.8,
      "lat": 54.089,
      "lon": 13.408,
      "lastSeen": 8
    },
    {
      "time": "2025-09-14T18:34:28.572Z",
      "hex": "3E0FE9",
      "callsign": "CHX47",
      "reg": "D-HXFL",
      "type": "EC45",
      "gs": 8,
      "alt": 100,
      "vr": -192,
      "hdg": 309.8,
      "lat": 54.089,
      "lon": 13.408,
      "lastSeen": 8
    },
    {
      "time": "2025-09-14T18:34:31.574Z",
      "hex": "3E0FE9",
      "callsign": "CHX47",
      "reg": "D-HXFL",
      "type": "EC45",
      "gs": 8,
      "alt": 100,
      "vr": -192,
      "hdg": 309.8,
      "lat": 54.089,
      "lon": 13.408,
      "lastSeen": 8
    },
    {
      "time": "2025-09-14T18:34:34.575Z",
      "hex": "3E0FE9",
      "callsign": "CHX47",
      "reg": "D-HXFL",
      "type": "EC45",
      "gs": 8,
      "alt": 100,
      "vr": -192,
      "hdg": 309.8,
      "lat": 54.089,
      "lon": 13.408,
      "lastSeen": 8
    },
    {
      "time": "2025-09-14T18:34:37.576Z",
      "hex": "3E0FE9",
      "callsign": "CHX47",
      "reg": "D-HXFL",
      "type": "EC45",
      "gs": 8,
      "alt": 100,
      "vr": -192,
      "hdg": 309.8,
      "lat": 54.089,
      "lon": 13.408,
      "lastSeen": 9
    },
    {
      "time": "2025-09-14T18:34:40.578Z",
      "hex": "3E0FE9",
      "callsign": "CHX47",
      "reg": "D-HXFL",
      "type": "EC45",
      "gs": 8,
      "alt": 100,
      "vr": -192,
      "hdg": 309.8,
      "lat": 54.089,
      "lon": 13.408,
      "lastSeen": 9
    },
    {
      "time": "2025-09-14T18:34:43.578Z",
      "hex": "3E0FE9",
      "callsign": "CHX47",
      "reg": "D-HXFL",
      "type": "EC45",
      "gs": 8,
      "alt": 100,
      "vr": -192,
      "hdg": 309.8,
      "lat": 54.089,
      "lon": 13.408,
      "lastSeen": 9
    },
    {
      "time": "2025-09-14T18:34:46.578Z",
      "hex": "3E0FE9",
      "callsign": "CHX47",
      "reg": "D-HXFL",
      "type": "EC45",
      "gs": 8,
      "alt": 100,
      "vr": -192,
      "hdg": 309.8,
      "lat": 54.089,
      "lon": 13.408,
      "lastSeen": 9
    },
    {
      "time": "2025-09-14T18:34:49.579Z",
      "hex": "3E0FE9",
      "callsign": "CHX47",
      "reg": "D-HXFL",
      "type": "EC45",
      "gs": 8,
      "alt": 100,
      "vr": -192,
      "hdg": 309.8,
      "lat": 54.089,
      "lon": 13.408,
      "lastSeen": 9
    },
    {
      "time": "2025-09-14T18:34:52.580Z",
      "hex": "3E0FE9",
      "callsign": "CHX47",
      "reg": "D-HXFL",
      "type": "EC45",
      "gs": 8,
      "alt": 100,
      "vr": -192,
      "hdg": 309.8,
      "lat": 54.089,
      "lon": 13.408,
      "lastSeen": 9
    },
    {
      "time": "2025-09-14T18:34:55.581Z",
      "hex": "3E0FE9",
      "callsign": "CHX47",
      "reg": "D-HXFL",
      "type": "EC45",
      "gs": 8,
      "alt": 100,
      "vr": -192,
      "hdg": 309.8,
      "lat": 54.089,
      "lon": 13.408,
      "lastSeen": 9
    },
    {
      "time": "2025-09-14T18:34:58.581Z",
      "hex": "3E0FE9",
      "callsign": "CHX47",
      "reg": "D-HXFL",
      "type": "EC45",
      "gs": 8,
      "alt": 100,
      "vr": -192,
      "hdg": 309.8,
      "lat": 54.089,
      "lon": 13.408,
      "lastSeen": 9
    },
    {
      "time": "2025-09-14T18:35:01.582Z",
      "hex": "3E0FE9",
      "callsign": "CHX47",
      "reg": "D-HXFL",
      "type": "EC45",
      "gs": 8,
      "alt": 100,
      "vr": -192,
      "hdg": 309.8,
      "lat": 54.089,
      "lon": 13.408,
      "lastSeen": 9
    },
    {
      "time": "2025-09-14T18:35:04.584Z",
      "hex": "3E0FE9",
      "callsign": "CHX47",
      "reg": "D-HXFL",
      "type": "EC45",
      "gs": 8,
      "alt": 100,
      "vr": -192,
      "hdg": 309.8,
      "lat": 54.089,
      "lon": 13.408,
      "lastSeen": 9
    },
    {
      "time": "2025-09-14T18:35:07.584Z",
      "hex": "3E0FE9",
      "callsign": "CHX47",
      "reg": "D-HXFL",
      "type": "EC45",
      "gs": 8,
      "alt": 100,
      "vr": -192,
      "hdg": 309.8,
      "lat": 54.089,
      "lon": 13.408,
      "lastSeen": 9
    },
    {
      "time": "2025-09-14T18:35:10.586Z",
      "hex": "3E0FE9",
      "callsign": "CHX47",
      "reg": "D-HXFL",
      "type": "EC45",
      "gs": 8,
      "alt": 100,
      "vr": -192,
      "hdg": 309.8,
      "lat": 54.089,
      "lon": 13.408,
      "lastSeen": 9
    },
    {
      "time": "2025-09-14T18:35:13.705Z",
      "hex": "3E0FE9",
      "callsign": "CHX47",
      "reg": "D-HXFL",
      "type": "EC45",
      "gs": 8,
      "alt": 100,
      "vr": -192,
      "hdg": 309.8,
      "lat": 54.089,
      "lon": 13.408,
      "lastSeen": 9
    },
    {
      "time": "2025-09-14T18:35:16.590Z",
      "hex": "3E0FE9",
      "callsign": "CHX47",
      "reg": "D-HXFL",
      "type": "EC45",
      "gs": 8,
      "alt": 100,
      "vr": -192,
      "hdg": 309.8,
      "lat": 54.089,
      "lon": 13.408,
      "lastSeen": 9
    },
    {
      "time": "2025-09-14T18:35:19.591Z",
      "hex": "3E0FE9",
      "callsign": "CHX47",
      "reg": "D-HXFL",
      "type": "EC45",
      "gs": 8,
      "alt": 100,
      "vr": -192,
      "hdg": 309.8,
      "lat": 54.089,
      "lon": 13.408,
      "lastSeen": 9
    },
    {
      "time": "2025-09-14T18:35:22.606Z",
      "hex": "3E0FE9",
      "callsign": "CHX47",
      "reg": "D-HXFL",
      "type": "EC45",
      "gs": 8,
      "alt": 100,
      "vr": -192,
      "hdg": 309.8,
      "lat": 54.089,
      "lon": 13.408,
      "lastSeen": 9
    },
    {
      "time": "2025-09-14T18:35:25.594Z",
      "hex": "3E0FE9",
      "callsign": "CHX47",
      "reg": "D-HXFL",
      "type": "EC45",
      "gs": 8,
      "alt": 100,
      "vr": -192,
      "hdg": 309.8,
      "lat": 54.089,
      "lon": 13.408,
      "lastSeen": 9
    },
    {
      "time": "2025-09-14T18:35:28.596Z",
      "hex": "3E0FE9",
      "callsign": "CHX47",
      "reg": "D-HXFL",
      "type": "EC45",
      "gs": 8,
      "alt": 100,
      "vr": -192,
      "hdg": 309.8,
      "lat": 54.089,
      "lon": 13.408,
      "lastSeen": 9
    },
    {
      "time": "2025-09-14T18:35:31.600Z",
      "hex": "3E0FE9",
      "callsign": "CHX47",
      "reg": "D-HXFL",
      "type": "EC45",
      "gs": 8,
      "alt": 100,
      "vr": -192,
      "hdg": 309.8,
      "lat": 54.089,
      "lon": 13.408,
      "lastSeen": 9
    },
    {
      "time": "2025-09-14T18:35:34.601Z",
      "hex": "3E0FE9",
      "callsign": "CHX47",
      "reg": "D-HXFL",
      "type": "EC45",
      "gs": 8,
      "alt": 100,
      "vr": -192,
      "hdg": 309.8,
      "lat": 54.089,
      "lon": 13.408,
      "lastSeen": 9
    },
    {
      "time": "2025-09-14T18:35:37.604Z",
      "hex": "3E0FE9",
      "callsign": "CHX47",
      "reg": "D-HXFL",
      "type": "EC45",
      "gs": 8,
      "alt": 100,
      "vr": -192,
      "hdg": 309.8,
      "lat": 54.089,
      "lon": 13.408,
      "lastSeen": 9
    },
    {
      "time": "2025-09-14T18:35:40.605Z",
      "hex": "3E0FE9",
      "callsign": "CHX47",
      "reg": "D-HXFL",
      "type": "EC45",
      "gs": 8,
      "alt": 100,
      "vr": -192,
      "hdg": 309.8,
      "lat": 54.089,
      "lon": 13.408,
      "lastSeen": 10
    },
    {
      "time": "2025-09-14T18:35:43.605Z",
      "hex": "3E0FE9",
      "callsign": "CHX47",
      "reg": "D-HXFL",
      "type": "EC45",
      "gs": 8,
      "alt": 100,
      "vr": -192,
      "hdg": 309.8,
      "lat": 54.089,
      "lon": 13.408,
      "lastSeen": 10
    },
    {
      "time": "2025-09-14T18:35:46.606Z",
      "hex": "3E0FE9",
      "callsign": "CHX47",
      "reg": "D-HXFL",
      "type": "EC45",
      "gs": 8,
      "alt": 100,
      "vr": -192,
      "hdg": 309.8,
      "lat": 54.089,
      "lon": 13.408,
      "lastSeen": 10
    },
    {
      "time": "2025-09-14T18:35:49.607Z",
      "hex": "3E0FE9",
      "callsign": "CHX47",
      "reg": "D-HXFL",
      "type": "EC45",
      "gs": 8,
      "alt": 100,
      "vr": -192,
      "hdg": 309.8,
      "lat": 54.089,
      "lon": 13.408,
      "lastSeen": 10
    },
    {
      "time": "2025-09-14T18:35:52.612Z",
      "hex": "3E0FE9",
      "callsign": "CHX47",
      "reg": "D-HXFL",
      "type": "EC45",
      "gs": 8,
      "alt": 100,
      "vr": -192,
      "hdg": 309.8,
      "lat": 54.089,
      "lon": 13.408,
      "lastSeen": 10
    },
    {
      "time": "2025-09-14T18:35:55.608Z",
      "hex": "3E0FE9",
      "callsign": "CHX47",
      "reg": "D-HXFL",
      "type": "EC45",
      "gs": 8,
      "alt": 100,
      "vr": -192,
      "hdg": 309.8,
      "lat": 54.089,
      "lon": 13.408,
      "lastSeen": 10
    },
    {
      "time": "2025-09-14T18:35:58.610Z",
      "hex": "3E0FE9",
      "callsign": "CHX47",
      "reg": "D-HXFL",
      "type": "EC45",
      "gs": 8,
      "alt": 100,
      "vr": -192,
      "hdg": 309.8,
      "lat": 54.089,
      "lon": 13.408,
      "lastSeen": 10
    },
    {
      "time": "2025-09-14T18:36:01.612Z",
      "hex": "3E0FE9",
      "callsign": "CHX47",
      "reg": "D-HXFL",
      "type": "EC45",
      "gs": 8,
      "alt": 100,
      "vr": -192,
      "hdg": 309.8,
      "lat": 54.089,
      "lon": 13.408,
      "lastSeen": 10
    },
    {
      "time": "2025-09-14T18:36:04.613Z",
      "hex": "3E0FE9",
      "callsign": "CHX47",
      "reg": "D-HXFL",
      "type": "EC45",
      "gs": 8,
      "alt": 100,
      "vr": -192,
      "hdg": 309.8,
      "lat": 54.089,
      "lon": 13.408,
      "lastSeen": 10
    },
    {
      "time": "2025-09-14T18:36:07.615Z",
      "hex": "3E0FE9",
      "callsign": "CHX47",
      "reg": "D-HXFL",
      "type": "EC45",
      "gs": 8,
      "alt": 100,
      "vr": -192,
      "hdg": 309.8,
      "lat": 54.089,
      "lon": 13.408,
      "lastSeen": 10
    },
    {
      "time": "2025-09-14T18:36:10.616Z",
      "hex": "3E0FE9",
      "callsign": "CHX47",
      "reg": "D-HXFL",
      "type": "EC45",
      "gs": 8,
      "alt": 100,
      "vr": -192,
      "hdg": 309.8,
      "lat": 54.089,
      "lon": 13.408,
      "lastSeen": 10
    },
    {
      "time": "2025-09-14T18:36:13.616Z",
      "hex": "3E0FE9",
      "callsign": "CHX47",
      "reg": "D-HXFL",
      "type": "EC45",
      "gs": 8,
      "alt": 100,
      "vr": -192,
      "hdg": 309.8,
      "lat": 54.089,
      "lon": 13.408,
      "lastSeen": 10
    },
    {
      "time": "2025-09-14T18:36:16.616Z",
      "hex": "3E0FE9",
      "callsign": "CHX47",
      "reg": "D-HXFL",
      "type": "EC45",
      "gs": 8,
      "alt": 100,
      "vr": -192,
      "hdg": 309.8,
      "lat": 54.089,
      "lon": 13.408,
      "lastSeen": 10
    },
    {
      "time": "2025-09-14T18:36:19.617Z",
      "hex": "3E0FE9",
      "callsign": "CHX47",
      "reg": "D-HXFL",
      "type": "EC45",
      "gs": 8,
      "alt": 100,
      "vr": -192,
      "hdg": 309.8,
      "lat": 54.089,
      "lon": 13.408,
      "lastSeen": 10
    },
    {
      "time": "2025-09-14T18:36:22.618Z",
      "hex": "3E0FE9",
      "callsign": "CHX47",
      "reg": "D-HXFL",
      "type": "EC45",
      "gs": 8,
      "alt": 100,
      "vr": -192,
      "hdg": 309.8,
      "lat": 54.089,
      "lon": 13.408,
      "lastSeen": 10
    },
    {
      "time": "2025-09-14T18:36:25.619Z",
      "hex": "3E0FE9",
      "callsign": "CHX47",
      "reg": "D-HXFL",
      "type": "EC45",
      "gs": 8,
      "alt": 100,
      "vr": -192,
      "hdg": 309.8,
      "lat": 54.089,
      "lon": 13.408,
      "lastSeen": 10
    },
    {
      "time": "2025-09-14T18:36:28.620Z",
      "hex": "3E0FE9",
      "callsign": "CHX47",
      "reg": "D-HXFL",
      "type": "EC45",
      "gs": 8,
      "alt": 100,
      "vr": -192,
      "hdg": 309.8,
      "lat": 54.089,
      "lon": 13.408,
      "lastSeen": 10
    },
    {
      "time": "2025-09-14T18:36:31.619Z",
      "hex": "3E0FE9",
      "callsign": "CHX47",
      "reg": "D-HXFL",
      "type": "EC45",
      "gs": 8,
      "alt": 100,
      "vr": -192,
      "hdg": 309.8,
      "lat": 54.089,
      "lon": 13.408,
      "lastSeen": 10
    },
    {
      "time": "2025-09-14T18:36:34.620Z",
      "hex": "3E0FE9",
      "callsign": "CHX47",
      "reg": "D-HXFL",
      "type": "EC45",
      "gs": 8,
      "alt": 100,
      "vr": -192,
      "hdg": 309.8,
      "lat": 54.089,
      "lon": 13.408,
      "lastSeen": 10
    },
    {
      "time": "2025-09-14T18:36:37.622Z",
      "hex": "3E0FE9",
      "callsign": "CHX47",
      "reg": "D-HXFL",
      "type": "EC45",
      "gs": 8,
      "alt": 100,
      "vr": -192,
      "hdg": 309.8,
      "lat": 54.089,
      "lon": 13.408,
      "lastSeen": 10
    },
    {
      "time": "2025-09-14T18:36:40.743Z",
      "hex": "3E0FE9",
      "callsign": "CHX47",
      "reg": "D-HXFL",
      "type": "EC45",
      "gs": 8,
      "alt": 100,
      "vr": -192,
      "hdg": 309.8,
      "lat": 54.089,
      "lon": 13.408,
      "lastSeen": 11
    },
    {
      "time": "2025-09-14T18:36:43.622Z",
      "hex": "3E0FE9",
      "callsign": "CHX47",
      "reg": "D-HXFL",
      "type": "EC45",
      "gs": 8,
      "alt": 100,
      "vr": -192,
      "hdg": 309.8,
      "lat": 54.089,
      "lon": 13.408,
      "lastSeen": 11
    },
    {
      "time": "2025-09-14T18:36:46.624Z",
      "hex": "3E0FE9",
      "callsign": "CHX47",
      "reg": "D-HXFL",
      "type": "EC45",
      "gs": 8,
      "alt": 100,
      "vr": -192,
      "hdg": 309.8,
      "lat": 54.089,
      "lon": 13.408,
      "lastSeen": 11
    },
    {
      "time": "2025-09-14T18:36:49.623Z",
      "hex": "3E0FE9",
      "callsign": "CHX47",
      "reg": "D-HXFL",
      "type": "EC45",
      "gs": 8,
      "alt": 100,
      "vr": -192,
      "hdg": 309.8,
      "lat": 54.089,
      "lon": 13.408,
      "lastSeen": 11
    },
    {
      "time": "2025-09-14T18:36:52.625Z",
      "hex": "3E0FE9",
      "callsign": "CHX47",
      "reg": "D-HXFL",
      "type": "EC45",
      "gs": 8,
      "alt": 100,
      "vr": -192,
      "hdg": 309.8,
      "lat": 54.089,
      "lon": 13.408,
      "lastSeen": 11
    },
    {
      "time": "2025-09-14T18:36:55.627Z",
      "hex": "3E0FE9",
      "callsign": "CHX47",
      "reg": "D-HXFL",
      "type": "EC45",
      "gs": 8,
      "alt": 100,
      "vr": -192,
      "hdg": 309.8,
      "lat": 54.089,
      "lon": 13.408,
      "lastSeen": 11
    },
    {
      "time": "2025-09-14T18:36:58.629Z",
      "hex": "3E0FE9",
      "callsign": "CHX47",
      "reg": "D-HXFL",
      "type": "EC45",
      "gs": 8,
      "alt": 100,
      "vr": -192,
      "hdg": 309.8,
      "lat": 54.089,
      "lon": 13.408,
      "lastSeen": 11
    },
    {
      "time": "2025-09-14T18:37:01.629Z",
      "hex": "3E0FE9",
      "callsign": "CHX47",
      "reg": "D-HXFL",
      "type": "EC45",
      "gs": 8,
      "alt": 100,
      "vr": -192,
      "hdg": 309.8,
      "lat": 54.089,
      "lon": 13.408,
      "lastSeen": 11
    },
    {
      "time": "2025-09-14T18:37:04.630Z",
      "hex": "3E0FE9",
      "callsign": "CHX47",
      "reg": "D-HXFL",
      "type": "EC45",
      "gs": 8,
      "alt": 100,
      "vr": -192,
      "hdg": 309.8,
      "lat": 54.089,
      "lon": 13.408,
      "lastSeen": 11
    },
    {
      "time": "2025-09-14T18:37:07.633Z",
      "hex": "3E0FE9",
      "callsign": "CHX47",
      "reg": "D-HXFL",
      "type": "EC45",
      "gs": 8,
      "alt": 100,
      "vr": -192,
      "hdg": 309.8,
      "lat": 54.089,
      "lon": 13.408,
      "lastSeen": 11
    },
    {
      "time": "2025-09-14T18:37:10.634Z",
      "hex": "3E0FE9",
      "callsign": "CHX47",
      "reg": "D-HXFL",
      "type": "EC45",
      "gs": 8,
      "alt": 100,
      "vr": -192,
      "hdg": 309.8,
      "lat": 54.089,
      "lon": 13.408,
      "lastSeen": 11
    }
  ]
}