[
  {
    "time": "2025-09-14T18:20:13.351Z",
    "type": "takeoff",
    "hex": "3E0FE9",
    "callsign": "CHX47",
    "lat": 54.091,
    "lon": 13.145,
    "alt": 725,
    "gs": 84,
    "lastSeen": 4,
    "id": "1",
    "place": {
      "type": "external"
    }
  },
  {
    "time": "2025-09-14T18:21:01.361Z",
    "type": "landing",
    "hex": "3E0FE9",
    "callsign": "CHX47",
    "lat": 54.09,
    "lon": 13.179,
    "alt": 825,
    "gs": 121,
    "lastSeen": 85,
    "id": "2",
    "place": {
      "type": "external"
    }
  },
  {
    "time": "2025-09-14T18:21:04.362Z",
    "type": "takeoff",
    "hex": "3E0FE9",
    "callsign": "CHX47",
    "lat": 54.09,
    "lon": 13.179,
    "alt": 825,
    "gs": 121,
    "lastSeen": 8,
    "id": "3",
    "place": {
      "type": "external"
    }
  },
  {
    "time": "2025-09-14T18:21:37.370Z",
    "type": "landing",
    "hex": "3E0FE9",
    "callsign": "CHX47",
    "lat": 54.089,
    "lon": 13.213,
    "alt": 825,
    "gs": 127,
    "lastSeen": 62,
    "id": "4",
    "place": {
      "type": "external"
    }
  },
  {
    "time": "2025-09-14T18:21:40.370Z",
    "type": "takeoff",
    "hex": "3E0FE9",
    "callsign": "CHX47",
    "lat": 54.089,
    "lon": 13.225,
    "alt": 825,
    "gs": 127,
    "lastSeen": 8,
    "id": "5",
    "place": {
      "type": "external"
    }
  },
  {
    "time": "2025-09-14T18:22:13.377Z",
    "type": "landing",
    "hex": "3E0FE9",
    "callsign": "CHX47",
    "lat": 54.088,
    "lon": 13.253,
    "alt": 825,
    "gs": 128,
    "lastSeen": 51,
    "id": "6",
    "place": {
      "type": "external"
    }
  },
  {
    "time": "2025-09-14T18:22:22.383Z",
    "type": "takeoff",
    "hex": "3E0FE9",
    "callsign": "CHX47",
    "lat": 54.088,
    "lon": 13.266,
    "alt": 800,
    "gs": 128,
    "lastSeen": 2,
    "id": "7",
    "place": {
      "type": "external"
    }
  },
  {
    "time": "2025-09-14T18:23:43.414Z",
    "type": "landing",
    "hex": "3E0FE9",
    "callsign": "CHX47",
    "lat": 54.085,
    "lon": 13.337,
    "alt": 800,
    "gs": 128,
    "lastSeen": 79,
    "id": "8",
    "place": {
      "type": "external"
    }
  },
  {
    "time": "2025-09-14T18:23:46.427Z",
    "type": "takeoff",
    "hex": "3E0FE9",
    "callsign": "CHX47",
    "lat": 54.084,
    "lon": 13.348,
    "alt": 825,
    "gs": 128,
    "lastSeen": 4,
    "id": "9",
    "place": {
      "type": "external"
    }
  },
  {
    "time": "2025-09-14T18:26:13.434Z",
    "type": "landing",
    "hex": "3E0FE9",
    "callsign": "CHX47",
    "lat": 54.089,
    "lon": 13.408,
    "alt": 100,
    "gs": 8,
    "lastSeen": 66,
    "id": "10",
    "place": {
      "id": "mfqxpgb7",
      "name": "HGW Uni",
      "type": "Base",
      "lat": 54.089087,
      "lon": 13.408101
    }
  },
  {
    "time": "2025-09-14T18:31:10.507Z",
    "type": "takeoff",
    "hex": "3E0FE9",
    "callsign": "CHX47",
    "lat": 54.089,
    "lon": 13.408,
    "alt": 100,
    "gs": 8,
    "lastSeen": 5,
    "id": "11",
    "place": {
      "id": "mfqxpgb7",
      "name": "HGW Uni",
      "type": "Base",
      "lat": 54.089087,
      "lon": 13.408101
    }
  },
  {
    "time": "2025-09-15T22:43:09.442Z",
    "type": "takeoff",
    "hex": "3e0fe9",
    "callsign": "CHX47",
    "lat": 54.089,
    "lon": 13.411,
    "alt": 425,
    "gs": 33,
    "lastSeen": 5,
    "id": "15",
    "place": {
      "id": "mfqxpgb7",
      "name": "HGW Uni",
      "type": "Base",
      "lat": 54.089087,
      "lon": 13.408101
    }
  },
  {
    "time": "2025-09-19T07:22:52.375Z",
    "type": "landing",
    "hex": "3e0fe9",
    "callsign": "CHX47",
    "lat": 54.089,
    "lon": 13.41,
    "alt": -25,
    "gs": null,
    "lastSeen": 60,
    "id": "16",
    "place": {
      "id": "mfqxpgb7",
      "name": "HGW Uni",
      "type": "Base",
      "lat": 54.089087,
      "lon": 13.408101
    }
  },
  {
    "time": "2025-09-20T14:41:33.339Z",
    "type": "takeoff",
    "hex": "3e0fe9",
    "callsign": "CHX47",
    "lat": 54.087,
    "lon": 13.407,
    "alt": 325,
    "gs": 45,
    "lastSeen": 3,
    "id": "17",
    "place": {
      "id": "mfqxpgb7",
      "name": "HGW Uni",
      "type": "Base",
      "lat": 54.089087,
      "lon": 13.408101
    }
  },
  {
    "time": "2025-09-20T16:55:27.499Z",
    "type": "landing",
    "hex": "3e0fe9",
    "callsign": "CHX47",
    "lat": 53.545,
    "lon": 13.291,
    "alt": 300,
    "gs": 4,
    "lastSeen": 63,
    "id": "18",
    "place": {
      "type": "external"
    }
  },
  {
    "time": "2025-09-20T17:16:18.251Z",
    "type": "takeoff",
    "hex": "3e0fe9",
    "callsign": "CHX47",
    "lat": 53.545,
    "lon": 13.291,
    "alt": 350,
    "gs": 2,
    "lastSeen": 0,
    "id": "19",
    "place": {
      "type": "external"
    }
  },
  {
    "time": "2025-09-20T17:36:12.141Z",
    "type": "landing",
    "hex": "3e0fe9",
    "callsign": "CHX47",
    "lat": 54.089,
    "lon": 13.409,
    "alt": 275,
    "gs": 5,
    "lastSeen": 52,
    "id": "20",
    "place": {
      "id": "mfqxpgb7",
      "name": "HGW Uni",
      "type": "Base",
      "lat": 54.089087,
      "lon": 13.408101
    }
  },
  {
    "time": "2025-09-20T20:33:32.540Z",
    "type": "landing",
    "hex": "3e0fe9",
    "callsign": "CHX47",
    "lat": 54.089,
    "lon": 13.409,
    "alt": 275,
    "gs": 8,
    "lastSeen": 53,
    "id": "21",
    "place": {
      "id": "mfqxpgb7",
      "name": "HGW Uni",
      "type": "Base",
      "lat": 54.089087,
      "lon": 13.408101
    }
  }
]